{"cameraMode":{"drawMode":0,"name":"Shaded","section":"Shading Mode"},"sceneLighting":false,"audioPlay":false,"sceneViewState":{"showFog":true,"showMaterialUpdate":false,"showSkybox":false,"showFlares":true,"showImageEffects":true,"showParticleSystems":true},"in2DMode":false,"pivot":{"x":-1.8411258459091187,"y":-0.1450331211090088,"z":4.000988960266113},"rotation":{"x":-0.12796813249588014,"y":0.8514207005500794,"z":-0.24419403076171876,"w":-0.44618406891822817},"size":3.641488552093506,"orthographic":false}