{"cameraMode":{"drawMode":0,"name":"Shaded","section":"Shading Mode"},"sceneLighting":true,"audioPlay":false,"sceneViewState":{"showFog":true,"showMaterialUpdate":false,"showSkybox":true,"showFlares":true,"showImageEffects":true,"showParticleSystems":true},"in2DMode":false,"pivot":{"x":-5.067007541656494,"y":-0.6520564556121826,"z":2.8463916778564455},"rotation":{"x":-0.24085402488708497,"y":0.5736698508262634,"z":-0.1814313679933548,"w":-0.7615624070167542},"size":2.651564836502075,"orthographic":false}