{"cameraMode":{"drawMode":0,"name":"Shaded","section":"Shading Mode"},"sceneLighting":true,"audioPlay":false,"sceneViewState":{"showFog":true,"showMaterialUpdate":false,"showSkybox":true,"showFlares":true,"showImageEffects":true,"showParticleSystems":true},"in2DMode":false,"pivot":{"x":39.196510314941409,"y":19.740861892700197,"z":15.051856994628907},"rotation":{"x":-0.01080494374036789,"y":-0.029396632686257364,"z":0.00031524780206382275,"w":-0.9995139837265015},"size":25.834596633911134,"orthographic":false}