{"cameraMode":{"drawMode":0,"name":"Shaded","section":"Shading Mode"},"sceneLighting":true,"audioPlay":false,"sceneViewState":{"showFog":true,"showMaterialUpdate":false,"showSkybox":true,"showFlares":true,"showImageEffects":true,"showParticleSystems":true},"in2DMode":false,"pivot":{"x":-74.4429931640625,"y":9.246562957763672,"z":16.277313232421876},"rotation":{"x":-0.0482664555311203,"y":-0.03204471617937088,"z":0.0015490429941564799,"w":-0.9983320236206055},"size":11.9461669921875,"orthographic":false}