{"cameraMode":{"drawMode":0,"name":"Shaded","section":"Shading Mode"},"sceneLighting":true,"audioPlay":false,"sceneViewState":{"showFog":true,"showMaterialUpdate":false,"showSkybox":true,"showFlares":true,"showImageEffects":true,"showParticleSystems":true},"in2DMode":false,"pivot":{"x":-16.528650283813478,"y":5.019003868103027,"z":8.501070976257325},"rotation":{"x":-0.15779107809066773,"y":-0.42479318380355837,"z":0.0754619911313057,"w":-0.8882459402084351},"size":0.6982885003089905,"orthographic":false}