{"cameraMode":{"drawMode":0,"name":"Shaded","section":"Shading Mode"},"sceneLighting":true,"audioPlay":false,"sceneViewState":{"showFog":true,"showMaterialUpdate":false,"showSkybox":true,"showFlares":true,"showImageEffects":true,"showParticleSystems":true},"in2DMode":false,"pivot":{"x":569.2340087890625,"y":345.79571533203127,"z":523.5499267578125},"rotation":{"x":0.05405661463737488,"y":0.09123309701681137,"z":-0.004957939963787794,"w":0.9943574666976929},"size":559.612548828125,"orthographic":false}